metrics,ImpSegNet,Conv_SegNet,KMeans,FCM
Dice,0.796053572,0.785982611,0.313572611,0.468386779
Jaccard,0.661466473,0.648920203,0.144087892,0.118789991
