metrics,ImpSegNet,Conv_SegNet,KMeans,FCM
Dice,0.792004049,0.613983944,0.381415725,0.368084431
Jaccard,0.613583066,0.433139718,0.106142516,0.103384173
