,LSTM ,DEEP MAXOUT ,DNN,SVM,KNN,LinkNet,BiLSTM,Improved Bi-LSTM+LinkNet
Mean,0.9042532855436082,0.9005884109916369,0.90718339307049,0.908963560334528,0.902679211469534,0.9030764635603346,0.9022700119474312,0.9639247311827956
Median,0.906284348864994,0.9012305854241338,0.9099402628434888,0.9092353643966548,0.9054121863799284,0.8986021505376345,0.906726403823178,0.9634767025089606
Std-Dev,0.0130058971096286,0.0146701062958142,0.0131429764472344,0.0115815738602684,0.0164676789412348,0.0116091459989773,0.0153818433769387,0.0115424847365371
Min,0.8854480286738351,0.8811827956989248,0.8865591397849463,0.895089605734767,0.8797491039426524,0.892520908004779,0.8789247311827957,0.9489605734767024
Max,0.9189964157706092,0.9187096774193548,0.922293906810036,0.922293906810036,0.9201433691756272,0.9225806451612903,0.9167025089605736,0.9797849462365592
